match_id,post_id,date,start_time,session,venue,player_a,player_b,finished,y,elo_p_a,h2h_n,A_career_n,B_career_n,A_elo,B_elo,A_win10,B_win10,A_today_n,B_today_n,p_a,p_b,comp_logreg,comp_hgb,comp_xgb,comp_lgbm,comp_cat,pick,pick_prob,confidence,thin_history,train_cutoff,correct,log_loss
567237-1,567237,2029-09-20,2029-09-20 17:00:00,evening,HSC,Lukasz Pietraszko,Bartek Sulkowski,True,0.0,0.8744498121045916,13,814,1367,1697.8673617292218,1360.7003530228508,0.6,0.3,0,0,0.717333165802698,0.282666834197302,0.6859338630696918,0.7456890417309433,0.652952,0.7551216434796424,0.7469692653332793,Lukasz Pietraszko,0.717333165802698,Strong,False,2029-09-16 22:30:00,0,1.263486339179385
567237-2,567237,2029-09-20,2029-09-20 17:25:00,evening,HSC,Alan Wos,Kamil Rudomina,True,1.0,0.805649350888769,8,736,1995,1713.0100127040862,1465.9859862833762,1.0,0.3,0,0,0.5963907384851723,0.4036092615148277,0.48235631601176987,0.6106669362948765,0.599242,0.6286594679520996,0.6610290001975108,Alan Wos,0.5963907384851723,Lean,False,2029-09-16 22:30:00,1,0.5168592252443699
567237-3,567237,2029-09-20,2029-09-20 17:45:00,evening,HSC,Maciej Kolek,Przemyslaw Blocho,True,1.0,0.6697694291045719,11,1506,988,1659.4738122462707,1536.6305940778118,0.7,0.4,0,0,0.5407614255664588,0.4592385744335412,0.5112913592953958,0.5498399402036116,0.5442075,0.5560789521154068,0.5423893628855128,Maciej Kolek,0.5407614255664588,Coin flip,False,2029-09-16 22:30:00,1,0.614777085261767
567237-4,567237,2029-09-20,2029-09-20 18:05:00,evening,HSC,Lukasz Pietraszko,Alan Wos,True,0.0,0.40552682060350675,6,815,737,1655.8937707482014,1722.3388438614252,0.6,1.0,1,1,0.6233947044572468,0.37660529554275324,0.6683944297256886,0.6074795261409801,0.6308819,0.6049378860971606,0.6052797747666796,Lukasz Pietraszko,0.6233947044572468,Solid,False,2029-09-16 22:30:00,0,0.9765576014061321
567237-5,567237,2029-09-20,2029-09-20 18:30:00,evening,HSC,Przemyslaw Blocho,Bartek Sulkowski,True,1.0,0.660307021420479,14,989,1368,1518.1376821076678,1402.6739440038712,0.4,0.3,1,1,0.651732393334907,0.34826760666509304,0.6513747413426483,0.6409748164598935,0.6557851,0.639253826494905,0.6712734986063355,Przemyslaw Blocho,0.651732393334907,Solid,False,2029-09-16 22:30:00,1,0.42812124097928844
567237-6,567237,2029-09-20,2029-09-20 18:55:00,evening,HSC,Maciej Kolek,Kamil Rudomina,True,0.0,0.7814199299162722,41,1507,1996,1677.9667242164146,1456.6571551260372,0.8,0.3,1,1,0.5766599695162054,0.42334003048379465,0.58059426026449,0.5684750241787597,0.62643063,0.5817333879781853,0.5260665444756929,Maciej Kolek,0.5766599695162054,Lean,False,2029-09-16 22:30:00,0,0.8595795682822855
567237-7,567237,2029-09-20,2029-09-20 19:20:00,evening,HSC,Alan Wos,Bartek Sulkowski,True,0.0,0.8874271757120668,17,738,1369,1745.0483458152216,1386.3686810320542,1.0,0.2,2,2,0.6448352480266966,0.35516475197330344,0.5445663531329574,0.673354802642685,0.5984323,0.6791317401369753,0.7286910417458893,Alan Wos,0.6448352480266966,Solid,False,2029-09-16 22:30:00,0,1.0351735070975654
567237-8,567237,2029-09-20,2029-09-20 19:40:00,evening,HSC,Lukasz Pietraszko,Maciej Kolek,True,1.0,0.4805448405064666,14,816,1508,1633.184268794405,1646.7099270197637,0.5,0.8,2,2,0.569217772980785,0.430782227019215,0.5712896465489516,0.5648926703488485,0.5647043,0.5619879323697123,0.5832143166633287,Lukasz Pietraszko,0.569217772980785,Lean,False,2029-09-16 22:30:00,1,0.5634921887620219
567237-9,567237,2029-09-20,2029-09-20 20:05:00,evening,HSC,Przemyslaw Blocho,Kamil Rudomina,True,1.0,0.5665631439675535,38,990,1997,1534.4429450794848,1487.9139523226881,0.5,0.4,2,2,0.5834508512933185,0.41654914870668147,0.5983549618976134,0.5884930314298785,0.5725806,0.5823228582576692,0.5755028289384381,Przemyslaw Blocho,0.5834508512933185,Lean,False,2029-09-16 22:30:00,1,0.5387950616629242
567237-10,567237,2029-09-20,2029-09-20 20:30:00,evening,HSC,Alan Wos,Maciej Kolek,True,0.0,0.6043299067214816,15,739,1509,1695.3524239753458,1621.7760793640741,0.9,0.7,3,3,0.4301549487461285,0.5698450512538715,0.4673535623730209,0.4342292196301196,0.41798896,0.4247776046611325,0.4064254010917902,Maciej Kolek,0.5698450512538715,Lean,False,2029-09-16 22:30:00,1,0.5623907950141943
567237-11,567237,2029-09-20,2029-09-20 20:50:00,evening,HSC,Lukasz Pietraszko,Przemyslaw Blocho,True,1.0,0.6392724989490406,18,817,991,1658.1181164500945,1558.715409017302,0.5,0.5,3,3,0.5980428024223308,0.40195719757766923,0.5685206170035998,0.5897970241689364,0.584625,0.6092349251773415,0.63803644003973,Lukasz Pietraszko,0.5980428024223308,Lean,False,2029-09-16 22:30:00,1,0.5140929516358671
567237-12,567237,2029-09-20,2029-09-20 21:15:00,evening,HSC,Kamil Rudomina,Bartek Sulkowski,True,1.0,0.5396031963838821,59,1998,1370,1463.641488384871,1436.06460287193,0.4,0.3,3,3,0.48666380269026843,0.5133361973097316,0.48607687858478876,0.4624416717988351,0.48772827,0.47523970273974725,0.5218324924198743,Bartek Sulkowski,0.5133361973097316,Coin flip,False,2029-09-16 22:30:00,0,0.7201817378481907
567237-13,567237,2029-09-20,2029-09-20 21:40:00,evening,HSC,Alan Wos,Przemyslaw Blocho,True,0.0,0.6625756753377062,2,740,992,1661.5099491989429,1544.2863089752636,0.8,0.5,4,4,0.4664460178856772,0.5335539821143228,0.44213060618536576,0.48482081428898616,0.43212873,0.48365991658271096,0.48949002493525706,Przemyslaw Blocho,0.5335539821143228,Coin flip,False,2029-09-16 22:30:00,1,0.6281950285150786
567237-14,567237,2029-09-20,2029-09-20 22:05:00,evening,HSC,Maciej Kolek,Bartek Sulkowski,True,0.0,0.8041235042295908,72,1510,1371,1655.618554140477,1410.2823818694274,0.7,0.3,4,4,0.6834831650896709,0.3165168349103291,0.670197543645059,0.6842947842934273,0.708674,0.697246395463389,0.6570030884318244,Maciej Kolek,0.6834831650896709,Solid,False,2029-09-16 22:30:00,0,1.150378847942572
567237-15,567237,2029-09-20,2029-09-20 22:30:00,evening,HSC,Lukasz Pietraszko,Kamil Rudomina,True,1.0,0.7415697983852076,27,818,1999,1672.5472164921327,1489.4237093873737,0.6,0.4,4,4,0.6610896141932581,0.33891038580674193,0.6621406606395414,0.65616288471179,0.6556591,0.6640271106928299,0.667458335370432,Lukasz Pietraszko,0.6610896141932581,Solid,False,2029-09-16 22:30:00,1,0.4138658746536812
