seq,date,session,venue,post_id,url,title,n_matches,n_finished,n_players,fetched_at
5837,2026-10-05,night,HSC,575302,https://www.tt-series.com/5837-result-5-10-2026-night-tournament-hsc/,5837. Result 5.10.2026 – night tournament HSC,10,0,5,2026-10-04 00:20:22.626601+00:00
5836,2026-10-05,night,OSP,575043,https://www.tt-series.com/5836-result-5-10-2026-night-tournament-osp/,5836. Result 5.10.2026 – night tournament OSP,15,0,6,2026-10-04 00:20:22.643684+00:00
5835,2026-10-05,night,OSP,575041,https://www.tt-series.com/5835-result-5-10-2026-night-tournament-osp2-wb/,5835. Result 5.10.2026 – night tournament OSP2 (WB),10,0,5,2026-10-04 00:20:22.656534+00:00
5834,2026-10-05,evening,HSC,575039,https://www.tt-series.com/5834-result-5-10-2026-evening-tournament-hsc/,5834. Result 5.10.2026 – evening tournament HSC,15,0,6,2026-10-04 00:20:22.668317+00:00
5833,2026-10-05,evening,OSP,575037,https://www.tt-series.com/5833-result-5-10-2026-evening-tournament-osp/,5833. Result 5.10.2026 – evening tournament OSP,15,0,6,2026-10-04 00:20:22.679926+00:00
5832,2026-10-05,evening,OSP,575035,https://www.tt-series.com/5832-result-5-10-2026-evening-tournament-osp2-wb/,5832. Result 5.10.2026 – evening tournament OSP2 (WB),15,0,6,2026-10-04 00:20:22.692881+00:00
5831,2026-10-05,afternoon,HSC,575033,https://www.tt-series.com/5831-result-5-10-2026-afternoon-tournament-hsc/,5831. Result 5.10.2026 – afternoon tournament HSC,15,0,6,2026-10-04 00:20:22.706688+00:00
5830,2026-10-05,afternoon,OSP,575030,https://www.tt-series.com/5830-result-5-10-2026-afternoon-tournament-osp/,5830. Result 5.10.2026 – afternoon tournament OSP,15,0,6,2026-10-04 00:20:22.719096+00:00
5829,2026-10-05,afternoon,HSC,575026,https://www.tt-series.com/5829-result-5-10-2026-afternoon-tournament-hsc2/,5829. Result 5.10.2026 – afternoon tournament HSC2,15,0,6,2026-10-04 00:20:22.732485+00:00
5828,2026-10-05,afternoon,OSP,575024,https://www.tt-series.com/5828-result-5-10-2026-afternoon-tournament-osp2-wb/,5828. Result 5.10.2026 – afternoon tournament OSP2 (WB),15,0,6,2026-10-04 00:20:22.744284+00:00
5827,2026-10-05,morning,HSC,575022,https://www.tt-series.com/5827-result-5-10-2026-morning-tournament-hsc/,5827. Result 5.10.2026 – morning tournament HSC,15,0,6,2026-10-04 00:20:22.756963+00:00
5826,2026-10-05,morning,OSP,575020,https://www.tt-series.com/5826-result-5-10-2026-morning-tournament-osp/,5826. Result 5.10.2026 – morning tournament OSP,15,0,6,2026-10-04 00:20:22.768368+00:00
5825,2026-10-05,morning,HSC,575018,https://www.tt-series.com/5825-result-5-10-2026-morning-tournament-hsc2/,5825. Result 5.10.2026 – morning tournament HSC2,15,0,6,2026-10-04 00:20:22.780664+00:00
5824,2026-10-05,morning,OSP,575016,https://www.tt-series.com/5824-result-5-10-2026-morning-tournament-osp2-wb/,5824. Result 5.10.2026 – morning tournament OSP2 (WB),15,0,6,2026-10-04 00:20:22.791672+00:00
5823,2026-10-05,night,BLACHOWNIA,575013,https://www.tt-series.com/5823-result-5-10-2026-night-tournament-blachownia/,5823. Result 5.10.2026 – night tournament Blachownia,15,0,6,2026-10-04 00:20:22.802865+00:00
5822,2026-10-05,evening,BLACHOWNIA,575011,https://www.tt-series.com/5822-result-5-10-2026-evening-tournament-blachownia/,5822. Result 5.10.2026 – evening tournament Blachownia,15,0,6,2026-10-04 00:20:22.813780+00:00
5821,2026-10-05,morning,BLACHOWNIA,575009,https://www.tt-series.com/5821-result-5-10-2026-morning-tournament-blachownia/,5821. Result 5.10.2026 – morning tournament Blachownia,15,0,6,2026-10-04 00:20:22.825213+00:00
5820,2026-10-05,evening,POCZESNA,575006,https://www.tt-series.com/5820-result-5-10-2026-evening-tournament-poczesna/,5820. Result 5.10.2026 – evening tournament Poczesna,15,0,6,2026-10-04 00:20:22.836372+00:00
5819,2026-10-05,afternoon,POCZESNA,575004,https://www.tt-series.com/5819-result-5-10-2026-afternoon-tournament-poczesna/,5819. Result 5.10.2026 – afternoon tournament Poczesna,15,0,6,2026-10-04 00:20:22.847869+00:00
5818,2026-10-05,morning,POCZESNA,575001,https://www.tt-series.com/5818-result-5-10-2026-morning-tournament-poczesna/,5818. Result 5.10.2026 – morning tournament Poczesna,15,0,6,2026-10-04 00:20:22.860571+00:00
5817,2026-10-04,night,POCZESNA,574999,https://www.tt-series.com/5817-result-4-10-2026-night-tournament-poczesna/,5817. Result 4.10.2026 – night tournament Poczesna,15,0,6,2026-10-04 00:20:22.871675+00:00
5816,2026-10-04,night,HSC,574765,https://www.tt-series.com/5816-result-4-10-2026-night-tournament-hsc/,5816. Result 4.10.2026 – night tournament HSC,10,0,5,2026-10-04 00:20:22.881200+00:00
5815,2026-10-04,night,OSP,574537,https://www.tt-series.com/5815-result-4-10-2026-night-tournament-osp/,5815. Result 4.10.2026 – night tournament OSP,15,0,6,2026-10-04 00:20:22.892386+00:00
5814,2026-10-04,night,OSP,574535,https://www.tt-series.com/5814-result-4-10-2026-night-tournament-osp2-wb/,5814. Result 4.10.2026 – night tournament OSP2 (WB),10,0,5,2026-10-04 00:20:22.901942+00:00
5813,2026-10-04,evening,HSC,574532,https://www.tt-series.com/5813-result-4-10-2026-evening-tournament-hsc/,5813. Result 4.10.2026 – evening tournament HSC,15,0,6,2026-10-04 00:20:22.913214+00:00
5812,2026-10-04,evening,OSP,574529,https://www.tt-series.com/5812-result-4-10-2026-evening-tournament-osp/,5812. result 4.10.2026 – evening tournament OSP,15,0,6,2026-10-04 00:20:22.924107+00:00
5811,2026-10-04,evening,OSP,574527,https://www.tt-series.com/5811-result-4-10-2026-evening-tournament-osp2-wb/,5811. Result 4.10.2026 – evening tournament OSP2 (WB),15,0,6,2026-10-04 00:20:22.936834+00:00
5810,2026-10-04,afternoon,HSC,574525,https://www.tt-series.com/5810-result-4-10-2026-afternoon-tournament-hsc/,5810. Result 4.10.2026 – afternoon tournament HSC,15,0,6,2026-10-04 00:20:22.947894+00:00
5809,2026-10-04,afternoon,OSP,574523,https://www.tt-series.com/5809-result-4-10-2026-afternoon-tournament-osp/,5809. Result 4.10.2026 – afternoon tournament OSP,15,0,6,2026-10-04 00:20:22.959176+00:00
5808,2026-10-04,afternoon,HSC,574521,https://www.tt-series.com/5808-result-4-10-2026-afternoon-tournament-hsc2/,5808. Result 4.10.2026 – afternoon tournament HSC2,15,0,6,2026-10-04 00:20:22.970271+00:00
5807,2026-10-04,afternoon,OSP,574519,https://www.tt-series.com/5807-result-4-10-2026-afternoon-tournament-osp2-wb/,5807. Result 4.10.2026 – afternoon tournament OSP2 (WB),15,0,6,2026-10-04 00:20:22.981357+00:00
5806,2026-10-04,morning,HSC,574517,https://www.tt-series.com/5806-result-4-10-2026-morning-tournament-hsc/,5806. Result 4.10.2026 – morning tournament HSC,15,0,6,2026-10-04 00:20:22.992488+00:00
5805,2026-10-04,morning,OSP,574515,https://www.tt-series.com/5805-result-4-10-2026-morning-tournament-osp/,5805. Result 4.10.2026 – morning tournament OSP,15,0,6,2026-10-04 00:20:23.003716+00:00
5804,2026-10-04,morning,HSC,574513,https://www.tt-series.com/5804-result-4-10-2026-morning-tournament-hsc2/,5804. Result 4.10.2026 – morning tournament HSC2,15,0,6,2026-10-04 00:20:23.016575+00:00
5803,2026-10-04,morning,OSP,574511,https://www.tt-series.com/5803-result-4-10-2026-morning-tournament-osp2-wb/,5803. Result 4.10.2026 – morning tournament OSP2 (WB),15,0,6,2026-10-04 00:20:23.027659+00:00
5802,2026-10-04,night,BLACHOWNIA,574505,https://www.tt-series.com/5802-result-4-10-2026-night-tournament-blachownia/,5802. Result 4.10.2026 – night tournament Blachownia,15,0,6,2026-10-04 00:20:23.039039+00:00
5801,2026-10-04,evening,BLACHOWNIA,574503,https://www.tt-series.com/5801-result-4-10-2026-evening-tournament-blachownia/,5801. Result 4.10.2026 – evening tournament Blachownia,15,0,6,2026-10-04 00:20:23.050021+00:00
5800,2026-10-04,morning,BLACHOWNIA,574501,https://www.tt-series.com/5800-result-4-10-2026-morning-tournament-blachownia/,5800. Result 4.10.2026 – morning tournament Blachownia,15,0,6,2026-10-04 00:20:23.061057+00:00
5799,2026-10-04,evening,POCZESNA,574499,https://www.tt-series.com/5799-result-4-10-2026-evening-tournament-poczesna/,5799. Result 4.10.2026 – evening tournament Poczesna,15,0,6,2026-10-04 00:20:23.072390+00:00
5798,2026-10-04,afternoon,POCZESNA,574497,https://www.tt-series.com/5798-result-4-10-2026-afternoon-tournament-poczesna/,5798. Result 4.10.2026 – afternoon tournament Poczesna,15,0,6,2026-10-04 00:20:23.083775+00:00
5797,2026-10-04,morning,POCZESNA,574495,https://www.tt-series.com/5797-result-4-10-2026-morning-tournament-poczesna/,5797. Result 4.10.2026 – morning tournament Poczesna,15,0,6,2026-10-04 00:20:23.096384+00:00
5796,2026-10-03,night,POCZESNA,574490,https://www.tt-series.com/5796-result-3-10-2026-night-tournament-poczesna/,5796. Result 3.10.2026 – night tournament Poczesna,15,1,6,2026-10-04 00:20:23.107455+00:00
5795,2026-10-03,night,HSC,574233,https://www.tt-series.com/5795-result-3-10-2026-night-tournament-hsc/,5795. Result 3.10.2026 – night tournament HSC,10,8,5,2026-10-04 00:20:23.116985+00:00
5794,2026-10-03,night,OSP,574067,https://www.tt-series.com/5794-result-3-10-2026-night-tournament-osp/,5794. Result 3.10.2026 – night tournament OSP,15,8,6,2026-10-04 00:20:23.128182+00:00
5793,2026-10-03,night,OSP,574065,https://www.tt-series.com/5793-result-3-10-2026-night-tournament-osp2-wb/,5793. Result 3.10.2026 – night tournament OSP2 (WB),10,8,5,2026-10-04 00:20:23.137715+00:00
5792,2026-10-03,evening,HSC,574063,https://www.tt-series.com/5792-result-3-10-2026-evening-tournament-hsc/,5792. Result 3.10.2026 – evening tournament HSC,15,15,6,2026-10-04 00:20:23.149084+00:00
5791,2026-10-03,evening,OSP,574061,https://www.tt-series.com/5791-result-3-10-2026-evening-tournament-osp/,5791. Result 3.10.2026 – evening tournament OSP,15,15,6,2026-10-04 00:20:23.162156+00:00
5790,2026-10-03,evening,OSP,574058,https://www.tt-series.com/5790-result-3-10-2026-evening-tournament-osp2-wb/,5790. Result 3.10.2026 – evening tournament OSP2 (WB),15,15,6,2026-10-04 00:20:23.173544+00:00
5789,2026-10-03,afternoon,HSC,574056,https://www.tt-series.com/5789-result-3-10-2026-afternoon-tournament-hsc/,5789. Result 3.10.2026 – afternoon tournament HSC,15,15,6,2026-10-04 00:20:23.185129+00:00
5788,2026-10-03,afternoon,OSP,574054,https://www.tt-series.com/5788-result-3-10-2026-afternoon-tournament-osp/,5788. result 3.10.2026 – afternoon tournament OSP,15,15,6,2026-10-04 00:20:23.196670+00:00
5787,2026-10-03,afternoon,HSC,574052,https://www.tt-series.com/5787-result-3-10-2026-afternoon-tournament-hsc2/,5787. Result 3.10.2026 – afternoon tournament HSC2,15,15,6,2026-10-04 00:20:23.208134+00:00
5786,2026-10-03,afternoon,OSP,574050,https://www.tt-series.com/5786-result-3-10-2026-afternoon-tournament-osp2-wb/,5786. Result 3.10.2026 – afternoon tournament OSP2 (WB),15,14,6,2026-10-04 00:20:23.219506+00:00
5785,2026-10-03,morning,HSC,574048,https://www.tt-series.com/5785-result-3-10-2026-morning-tournament-hsc/,5785. Result 3.10.2026 – morning tournament HSC,15,15,6,2026-10-04 00:20:23.231162+00:00
5784,2026-10-03,morning,OSP,574046,https://www.tt-series.com/5784-result-3-10-2026-morning-tournament-osp/,5784. Result 3.10.2026 – morning tournament OSP,15,15,6,2026-10-04 00:20:23.244362+00:00
5783,2026-10-03,morning,HSC,574044,https://www.tt-series.com/5783-result-3-10-2026-morning-tournament-hsc2/,5783. Result 3.10.2026 – morning tournament HSC2,15,15,6,2026-10-04 00:20:23.255656+00:00
5782,2026-10-03,morning,OSP,574042,https://www.tt-series.com/5782-result-3-10-2026-morning-tournament-osp2-wb/,5782. Result 3.10.2026 – morning tournament OSP2 (WB),15,15,6,2026-10-04 00:20:23.266802+00:00
5781,2026-10-03,night,BLACHOWNIA,574040,https://www.tt-series.com/5781-result-3-10-2026-night-tournament-blachownia/,5781. Result 3.10.2026 – night tournament Blachownia,15,6,6,2026-10-04 00:20:23.278676+00:00
5780,2026-10-03,evening,BLACHOWNIA,574038,https://www.tt-series.com/5780-result-3-10-2026-evening-tournament-blachownia/,5780. Result 3.10.2026 – evening tournament Blachownia,15,15,6,2026-10-04 00:20:23.290020+00:00
5779,2026-10-03,morning,BLACHOWNIA,574036,https://www.tt-series.com/5779-result-3-10-2026-morning-tournament-blachownia/,5779. Result 3.10.2026 – morning tournament Blachownia,15,15,6,2026-10-04 00:20:23.301243+00:00
5778,2026-10-03,evening,POCZESNA,574034,https://www.tt-series.com/5778-result-3-10-2026-evening-tournament-poczesna/,5778. Result 3.10.2026 – evening tournament Poczesna,15,15,6,2026-10-04 00:20:23.312155+00:00
5777,2026-10-03,afternoon,POCZESNA,574032,https://www.tt-series.com/5777-result-3-10-2026-afternoon-tournament-poczesna/,5777. Result 3.10.2026 – afternoon tournament Poczesna,15,15,6,2026-10-04 00:20:23.325157+00:00
5776,2026-10-03,morning,POCZESNA,574030,https://www.tt-series.com/5776-result-3-10-2026-morning-tournament-poczesna/,5776. Result 3.10.2026 – morning tournament Poczesna,15,15,6,2026-10-04 00:20:23.336285+00:00
5775,2026-10-02,night,POCZESNA,574028,https://www.tt-series.com/5775-result-2-10-2026-night-tournament-poczesna/,5775. Result 2.10.2026 – night tournament Poczesna,15,15,6,2026-10-04 00:20:23.347481+00:00
5774,2026-10-02,night,HSC,573766,https://www.tt-series.com/5774-result-2-10-2026-night-tournament-hsc/,5774. Result 2.10.2026 – night tournament HSC,10,10,5,2026-10-04 00:20:23.357061+00:00
5773,2026-10-02,night,OSP,573604,https://www.tt-series.com/5773-result-2-10-2026-night-tournament-osp/,5773. Result 2.10.2026 – night tournament OSP,15,15,6,2026-10-04 00:20:23.368163+00:00
5772,2026-10-02,night,OSP,573599,https://www.tt-series.com/5772-result-2-10-2026-night-tournament-osp2-wb/,5772. Result 2.10.2026 – night tournament OSP2 (WB),10,10,5,2026-10-04 00:20:23.377687+00:00
5771,2026-10-02,evening,HSC,573597,https://www.tt-series.com/5771-result-2-10-2026-evening-tournament-hsc/,5771. Result 2.10.2026 – evening tournament HSC,15,15,6,2026-10-04 00:20:23.390496+00:00
5770,2026-10-02,evening,OSP,573595,https://www.tt-series.com/5770-result-2-10-2026-evening-tournament-osp/,5770. Result 2.10.2026 – evening tournament OSP,15,15,6,2026-10-04 00:20:23.401465+00:00
5769,2026-10-02,evening,OSP,573593,https://www.tt-series.com/5769-result-2-10-2026-evening-tournament-osp2-wb/,5769. Result 2.10.2026 – evening tournament OSP2 (WB),15,15,6,2026-10-04 00:20:23.412598+00:00
5768,2026-10-02,afternoon,HSC,573590,https://www.tt-series.com/5768-result-2-10-2026-afternoon-tournament-hsc/,5768. Result 2.10.2026 – afternoon tournament HSC,15,15,6,2026-10-04 00:20:23.424059+00:00
5767,2026-10-02,afternoon,OSP,573588,https://www.tt-series.com/5767-result-2-10-2026-afternoon-tournament-osp/,5767. Result 2.10.2026 – afternoon tournament OSP,15,15,6,2026-10-04 00:20:23.435171+00:00
5766,2026-10-02,afternoon,HSC,573586,https://www.tt-series.com/5766-result-2-10-2026-afternoon-tournament-hsc2/,5766. Result 2.10.2026 – afternoon tournament HSC2,15,15,6,2026-10-04 00:20:23.446274+00:00
5765,2026-10-02,afternoon,OSP,573584,https://www.tt-series.com/5765-result-2-10-2026-afternoon-tournament-osp2-wb/,5765. Result 2.10.2026 – afternoon tournament OSP2 (WB),15,15,6,2026-10-04 00:20:23.457472+00:00
5764,2026-10-02,morning,HSC,573582,https://www.tt-series.com/5764-result-2-10-2026-morning-tournament-hsc/,5764. Result 2.10.2026 – morning tournament HSC,15,15,6,2026-10-04 00:20:23.470179+00:00
5763,2026-10-02,morning,OSP,573580,https://www.tt-series.com/5763-result-2-10-2026-morning-tournament-osp/,5763. Result 2.10.2026 – morning tournament OSP,15,15,6,2026-10-04 00:20:23.537059+00:00
5762,2026-10-02,morning,HSC,573577,https://www.tt-series.com/5761-result-2-10-2026-morning-tournament-hsc2/,5762. Result 2.10.2026 – morning tournament HSC2,15,15,6,2026-10-04 00:20:23.548128+00:00
5761,2026-10-02,morning,OSP,573575,https://www.tt-series.com/5761-result-2-10-2026-morning-tournament-osp2-wb/,5761. Result 2.10.2026 – morning tournament OSP2 (WB),15,15,6,2026-10-04 00:20:23.559120+00:00
5760,2026-10-02,night,BLACHOWNIA,573573,https://www.tt-series.com/5760-result-2-10-2026-night-tournament-blachownia/,5760. Result 2.10.2026 – night tournament Blachownia,15,15,6,2026-10-04 00:20:23.570437+00:00
5759,2026-10-02,evening,BLACHOWNIA,573571,https://www.tt-series.com/5759-result-2-10-2026-evening-tournament-blachownia/,5759. Result 2.10.2026 – evening tournament Blachownia,15,15,6,2026-10-04 00:20:23.581430+00:00
5758,2026-10-02,morning,BLACHOWNIA,573569,https://www.tt-series.com/5758-result-2-10-2026-morning-tournament-blachownia/,5758. result 2.10.2026 – morning tournament Blachownia,15,15,6,2026-10-04 00:20:23.592359+00:00
5757,2026-10-02,evening,POCZESNA,573566,https://www.tt-series.com/5757-result-2-10-2026-evening-tournament-poczesna/,5757. Result 2.10.2026 – evening tournament Poczesna,15,15,6,2026-10-04 00:20:23.604765+00:00
5756,2026-10-02,afternoon,POCZESNA,573562,https://www.tt-series.com/5756-result-2-10-2026-afternoon-tournament-poczesna/,5756. Result 2.10.2026 – afternoon tournament Poczesna,15,15,6,2026-10-04 00:20:23.615658+00:00
5755,2026-10-02,morning,POCZESNA,573560,https://www.tt-series.com/5755-result-2-10-2026-morning-tournament-poczesna/,5755. Result 2.10.2026 – morning tournament Poczesna,15,15,6,2026-10-04 00:20:23.626734+00:00
5754,2026-10-01,night,POCZESNA,573557,https://www.tt-series.com/5754-result-1-10-2026-night-tournameent-poczesna/,5754. Result 1.10.2026 – night tournament Poczesna,15,15,6,2026-10-04 00:20:23.638236+00:00
5753,2026-10-01,night,HSC,573222,https://www.tt-series.com/5753-result-1-10-2026-night-tournament-hsc/,5753. Result 1.10.2026 – night tournament HSC,10,10,5,2026-10-04 00:20:23.647621+00:00
5752,2026-10-01,night,OSP,572998,https://www.tt-series.com/5752-result-1-10-2026-night-tournament-osp/,5752. Result 1.10.2026 – night tournament OSP,15,15,6,2026-10-04 00:20:23.658700+00:00
5751,2026-10-01,night,OSP,572996,https://www.tt-series.com/5751-result-1-10-2026-night-tournament-osp2-wb/,5751. Result 1.10.2026 – night tournament OSP2 (WB),10,10,5,2026-10-04 00:20:23.668193+00:00
5750,2026-10-01,evening,HSC,572993,https://www.tt-series.com/5750-result-1-10-2026-evening-tournament-hsc/,5750. Result 1.10.2026 – evening tournament HSC,15,15,6,2026-10-04 00:20:23.680829+00:00
5749,2026-10-01,evening,OSP,572991,https://www.tt-series.com/5749-result-1-10-2026-evening-tournament-osp/,5749. Result 1.10.2026 – evening tournament OSP,15,15,6,2026-10-04 00:20:23.691853+00:00
5748,2026-10-01,evening,OSP,572989,https://www.tt-series.com/5748-result-1-10-2026-evening-tournament-osp2-wb/,5748. Result 1.10.2026 – evening tournament OSP2 (WB),15,15,6,2026-10-04 00:20:23.703114+00:00
5747,2026-10-01,afternoon,HSC,572987,https://www.tt-series.com/5747-result-1-10-2026-afternoon-tournament-hsc/,5747. Result 1.10.2026 – afternoon tournament HSC,15,15,6,2026-10-04 00:20:23.714171+00:00
5746,2026-10-01,afternoon,OSP,572985,https://www.tt-series.com/5746-result-1-10-2026-afternoon-tournament-osp/,5746. Result 1.10.2026 – afternoon tournament OSP,15,15,6,2026-10-04 00:20:23.725104+00:00
5745,2026-10-01,afternoon,HSC,572983,https://www.tt-series.com/5745-result-1-10-2026-afternoon-tournament-hsc2/,5745. Result 1.10.2026 – afternoon tournament HSC2,15,15,6,2026-10-04 00:20:23.736273+00:00
5744,2026-10-01,afternoon,OSP,572981,https://www.tt-series.com/5744-result-1-10-2026-afternoon-tournament-osp2-wb/,5744. Result 1.10.2026 – afternoon tournament OSP2 (WB),15,15,6,2026-10-04 00:20:23.748909+00:00
5743,2026-10-01,morning,HSC,572979,https://www.tt-series.com/5743-result-1-10-2026-morning-tournament-hsc/,5743. Result 1.10.2026 – morning tournament HSC,15,15,6,2026-10-04 00:20:23.759702+00:00
5742,2026-10-01,morning,OSP,572977,https://www.tt-series.com/5742-result-1-10-2026-morning-tournament-osp/,5742. Result 1.10.2026 – morning tournament OSP,15,15,6,2026-10-04 00:20:23.770626+00:00
5741,2026-10-01,morning,HSC,572975,https://www.tt-series.com/5741-result-1-10-2026-morning-tournament-hsc2/,5741. Result 1.10.2026 – morning tournament HSC2,15,15,6,2026-10-04 00:20:23.781875+00:00
5740,2026-10-01,morning,OSP,572973,https://www.tt-series.com/5740-result-1-10-2026-mmorning-tournament-osp2-wb/,5740. Result 1.10.2026 – morning tournament OSP2 (WB),15,15,6,2026-10-04 00:20:23.793391+00:00
5739,2026-10-01,night,BLACHOWNIA,572971,https://www.tt-series.com/5739-result-1-10-2026-night-tournament-blachownia/,5739. Result 1.10.2026 – night tournament Blachownia,15,15,6,2026-10-04 00:20:23.804247+00:00
5738,2026-10-01,evening,BLACHOWNIA,572969,https://www.tt-series.com/5738-result-1-10-2026-evening-tournament-blachownia/,5738. Result 1.10.2026 – evening tournament Blachownia,15,15,6,2026-10-04 00:20:23.815397+00:00
5737,2026-10-01,morning,BLACHOWNIA,572966,https://www.tt-series.com/5737-result-1-10-2026-morning-tournament-blachownia/,5737. Result 1.10.2026 – morning tournament Blachownia,15,15,6,2026-10-04 00:20:25.111381+00:00
5736,2026-10-01,evening,POCZESNA,572964,https://www.tt-series.com/5736-result-1-10-2026-evening-tournament-poczesna/,5736. Result 1.10.2026 – evening tournament Poczesna,15,15,6,2026-10-04 00:20:25.122157+00:00
5735,2026-10-01,afternoon,POCZESNA,572960,https://www.tt-series.com/5735-result-1-10-2026-afternoon-tournament-poczesna/,5735. Result 1.10.2026 – afternoon tournament Poczesna,15,15,6,2026-10-04 00:20:25.132856+00:00
5734,2026-10-01,morning,POCZESNA,572958,https://www.tt-series.com/5734-result-1-10-2026-morning-tournament-poczesna/,5734. Result 1.10.2026 – morning tournament Poczesna,15,15,6,2026-10-04 00:20:25.143458+00:00
5733,2026-09-30,night,POCZESNA,572953,https://www.tt-series.com/5733-result-30-09-2026-night-tournament-poczesna/,5733. Result 30.09.2026 – night tournament Poczesna,15,15,6,2026-10-04 00:20:25.154219+00:00
5732,2026-09-30,night,HSC,572720,https://www.tt-series.com/5732-result-30-09-2026-night-tournament-hsc/,5732. Result 30.09.2026 – night tournament HSC,10,10,5,2026-10-04 00:20:25.163370+00:00
5731,2026-09-30,night,OSP,572446,https://www.tt-series.com/5731-result-30-09-2026-night-tournament-osp/,5731. Result 30.09.2026 – night tournament OSP,15,15,6,2026-10-04 00:20:25.174055+00:00
5730,2026-09-30,night,OSP,572442,https://www.tt-series.com/5730-result-30-09-2026-night-tournament-osp2-wb/,5730. Result 30.09.2026 – night tournament OSP2 (WB),10,10,5,2026-10-04 00:20:25.184473+00:00
5729,2026-09-30,evening,HSC,572440,https://www.tt-series.com/5729-result-30-09-2026-evening-tournament-hsc/,5729. Result 30.09.2026 – evening tournament HSC,15,15,6,2026-10-04 00:20:25.195013+00:00
5728,2026-09-30,evening,OSP,572438,https://www.tt-series.com/5728-result-30-09-2026-evening-tournament-osp/,5728. Result 30.09.2026 – evening tournament OSP,15,15,6,2026-10-04 00:20:25.205600+00:00
5727,2026-09-30,evening,OSP,572434,https://www.tt-series.com/5728-result-30-09-2026-evening-tournament-osp2-wb/,5727. Result 30.09.2026 – evening tournament OSP2 (WB),15,15,6,2026-10-04 00:20:25.216162+00:00
5726,2026-09-30,afternoon,HSC,572428,https://www.tt-series.com/5726-result-30-09-2026-afternoon-tournament-hsc/,5726. Result 30.09.2026 – afternoon tournament HSC,15,15,6,2026-10-04 00:20:25.226794+00:00
5725,2026-09-30,afternoon,OSP,572426,https://www.tt-series.com/5725-result-30-09-2026-afternoon-tournament-osp/,5725. Result 30.09.2026 – afternoon tournament OSP,15,15,6,2026-10-04 00:20:25.237382+00:00
5724,2026-09-30,afternoon,HSC,572424,https://www.tt-series.com/5724-result-30-09-2026-afternoon-tournament-hsc2/,5724. Result 30.09.2026 – afternoon tournament HSC2,15,15,6,2026-10-04 00:20:25.249419+00:00
5723,2026-09-30,afternoon,OSP,572421,https://www.tt-series.com/5723-result-30-09-2026-afternoon-tournament-osp2-wb/,5723. Result 30.09.2026 – afternoon tournament OSP2 (WB),15,15,6,2026-10-04 00:20:25.259911+00:00
5722,2026-09-30,morning,HSC,572417,https://www.tt-series.com/5722-result-30-09-2026-morning-tournament-hsc/,5722. Result 30.09.2026 – morning tournament HSC,15,15,6,2026-10-04 00:20:25.270511+00:00
5721,2026-09-30,morning,OSP,572415,https://www.tt-series.com/5721-result-30-09-2026-morning-tournament-osp/,5721. Result 30.09.2026 – morning tournament OSP,15,15,6,2026-10-04 00:20:25.281255+00:00
5720,2026-09-30,morning,HSC,572413,https://www.tt-series.com/5720-result-30-09-2026-morning-tournament-hsc2/,5720. Result 30.09.2026 – morning tournament HSC2,15,15,6,2026-10-04 00:20:25.292008+00:00
5719,2026-09-30,morning,OSP,572411,https://www.tt-series.com/5719-result-30-09-2026-morning-tournament-osp2-wb/,5719. Result 30.09.2026 – morning tournament OSP2 (WB),15,15,6,2026-10-04 00:20:25.302682+00:00
5718,2026-09-30,night,BLACHOWNIA,572409,https://www.tt-series.com/5718-result-30-09-2026-night-tournament-blachownia/,5718. Result 30.09.2026 – night tournament Blachownia,15,15,6,2026-10-04 00:20:25.313394+00:00
5717,2026-09-30,evening,BLACHOWNIA,572406,https://www.tt-series.com/5717-result-30-09-2026-evening-tournament-blachownia/,5717. Result 30.09.2026 – evening tournament Blachownia,15,15,6,2026-10-04 00:20:25.325489+00:00
5716,2026-09-30,morning,BLACHOWNIA,572404,https://www.tt-series.com/5716-result-30-09-2026-morning-tournament-blachownia/,5716. Result 30.09.2026 – morning tournament Blachownia,15,15,6,2026-10-04 00:20:25.336279+00:00
5715,2026-09-30,evening,POCZESNA,572402,https://www.tt-series.com/5715-result-30-09-2026-evening-tournament-poczesna/,5715. Result 30.09.2026 – evening tournament Poczesna,15,15,6,2026-10-04 00:20:25.347013+00:00
5714,2026-09-30,afternoon,POCZESNA,572400,https://www.tt-series.com/5714-result-30-09-2026-afternoon-tournament-poczesna/,5714. Result 30.09.2026 – afternoon tournament Poczesna,15,15,6,2026-10-04 00:20:25.357582+00:00
5713,2026-09-30,morning,POCZESNA,572398,https://www.tt-series.com/5713-result-30-09-2026-morning-tournament-poczesna/,5713. Result 30.09.2026 – morning tournament Poczesna,15,15,6,2026-10-04 00:20:25.368123+00:00
5712,2026-09-29,night,POCZESNA,572396,https://www.tt-series.com/5712-result-29-09-2026-night-tournament-poczesna/,5712. Result 29.09.2026 – night tournament Poczesna,15,15,6,2026-10-04 00:20:25.378805+00:00
5711,2026-09-29,night,HSC,572226,https://www.tt-series.com/5711-result-29-09-2026-night-tournament-hsc/,5711. Result 29.09.2026 – night tournament HSC,10,10,5,2026-10-04 00:20:25.387972+00:00
5710,2026-09-29,night,OSP,571988,https://www.tt-series.com/5710-result-29-09-2026-night-tournament-osp/,5710. Result 29.09.2026 – night tournament OSP,15,15,6,2026-10-04 00:20:25.399928+00:00
5709,2026-09-29,night,OSP,571986,https://www.tt-series.com/5709-result-29-09-2026-night-tournament-osp2-wb/,5709. Result 29.09.2026 – night tournament OSP2 (WB),10,10,5,2026-10-04 00:20:25.409019+00:00
5708,2026-09-29,evening,HSC,571983,https://www.tt-series.com/5708-result-29-09-2026-evening-tournament-hsc/,5708. Result 29.09.2026 – evening tournament HSC,15,15,6,2026-10-04 00:20:25.419719+00:00
5707,2026-09-29,evening,OSP,571980,https://www.tt-series.com/5707-result-29-09-2026-evening-tournament-osp/,5707. Result 29.09.2026 – evening tournament OSP,15,15,6,2026-10-04 00:20:25.430382+00:00
5706,2026-09-29,evening,OSP,571977,https://www.tt-series.com/5706-result-29-09-2026-evening-tournament-osp2-wb/,5706. Result 29.09.2026 – evening tournament OSP2 (WB),15,15,6,2026-10-04 00:20:25.440926+00:00
5705,2026-09-29,afternoon,HSC,571975,https://www.tt-series.com/5705-result-29-09-2026-afternoon-tournament-hsc/,5705. Result 29.09.2026 – afternoon tournament HSC,15,15,6,2026-10-04 00:20:25.451708+00:00
5704,2026-09-29,afternoon,OSP,571973,https://www.tt-series.com/5704-result-29-09-2026-afternoon-tournament-osp/,5704. Result 29.09.2026 – afternoon tournament OSP,15,15,6,2026-10-04 00:20:25.463757+00:00
5703,2026-09-29,afternoon,HSC,571971,https://www.tt-series.com/5703-result-29-09-2026-afternoon-tournament-hsc2/,5703. Result 29.09.2026 – afternoon tournament HSC2,15,15,6,2026-10-04 00:20:25.474476+00:00
5702,2026-09-29,afternoon,OSP,571969,https://www.tt-series.com/5702-result-29-09-2026-afternoon-tournament-osp2-wb/,5702. Result 29.09.2026 – afternoon tournament OSP2 (WB),15,15,6,2026-10-04 00:20:25.485050+00:00
5701,2026-09-29,morning,HSC,571967,https://www.tt-series.com/5701-result-29-09-2026-morning-tournament-hsc/,5701. Result 29.09.2026 – morning tournament HSC,15,15,6,2026-10-04 00:20:25.495613+00:00
5700,2026-09-29,morning,OSP,571964,https://www.tt-series.com/5700-result-29-09-2026-morning-tournament-osp/,5700. Result 29.09.2026 – morning tournament OSP,15,15,6,2026-10-04 00:20:25.506144+00:00
5699,2026-09-29,morning,HSC,571962,https://www.tt-series.com/5699-result-29-09-2026-morning-tournament-hsc2/,5699. Result 29.09.2026 – morning tournament HSC2,15,15,6,2026-10-04 00:20:25.517009+00:00
5698,2026-09-29,morning,OSP,571960,https://www.tt-series.com/5698-result-29-09-2026-morning-tournament-osp2-wb/,5698. Result 29.09.2026 – morning tournament OSP2 (WB),15,15,6,2026-10-04 00:20:25.528171+00:00
5697,2026-09-29,night,BLACHOWNIA,571953,https://www.tt-series.com/5697-result-29-09-2026-night-tournament-blachownia/,5697. Result 29.09.2026 – night tournament Blachownia,15,15,6,2026-10-04 00:20:25.540318+00:00
5696,2026-09-29,evening,BLACHOWNIA,571951,https://www.tt-series.com/5696-result-29-09-2026-evening-tournament-blachownia/,5696. Result 29.09.2026 – evening tournament Blachownia,15,15,6,2026-10-04 00:20:25.551031+00:00
5695,2026-09-29,morning,BLACHOWNIA,571949,https://www.tt-series.com/5695-result-29-09-2026-morning-tournament-blachownia/,5695. Result 29.09.2026 – morning tournament Blachownia,15,15,6,2026-10-04 00:20:25.561862+00:00
5694,2026-09-29,evening,POCZESNA,571947,https://www.tt-series.com/5694-result-29-09-2026-evening-tournament-poczesna/,5694. Result 29.09.2026 – evening tournament Poczesna,15,15,6,2026-10-04 00:20:25.572689+00:00
5693,2026-09-29,afternoon,POCZESNA,571945,https://www.tt-series.com/5693-result-29-09-2026-afternoon-tournament-poczesna/,5693. Result 29.09.2026 – afternoon tournament Poczesna,15,15,6,2026-10-04 00:20:25.583463+00:00
5692,2026-09-29,morning,POCZESNA,571943,https://www.tt-series.com/5692-result-29-09-2026-morning-tournament-poczesna/,5692. Result 29.09.2026 – morning tournament Poczesna,15,15,6,2026-10-04 00:20:25.594224+00:00
5691,2026-09-28,night,POCZESNA,571941,https://www.tt-series.com/5691-result-28-09-2026-night-tournament-poczesna/,5691. Result 28.09.2026 – night tournament Poczesna,15,15,6,2026-10-04 00:20:25.605059+00:00
5690,2026-09-28,night,HSC,571755,https://www.tt-series.com/5690-result-28-09-2026-night-tournament-hsc/,5690. Result 28.09.2026 – night tournament HSC,10,10,5,2026-10-04 00:20:25.615544+00:00
5689,2026-09-28,night,OSP,571445,https://www.tt-series.com/5689-result-28-09-2026-night-tournament-osp/,5689. Result 28.09.2026 – night tournament OSP,15,15,6,2026-10-04 00:20:25.626140+00:00
5688,2026-09-28,night,OSP,571443,https://www.tt-series.com/5688-result-28-09-2026-night-tournament-osp2-wb/,5688. Result 28.09.2026 – night tournament OSP2 (WB),10,10,5,2026-10-04 00:20:25.635135+00:00
5687,2026-09-28,evening,HSC,571441,https://www.tt-series.com/5687-result-28-09-2026-evening-tournament-hsc/,5687. Result 28.09.2026 – evening tournament HSC,15,15,6,2026-10-04 00:20:25.646014+00:00
5686,2026-09-28,evening,OSP,571439,https://www.tt-series.com/5686-result-28-09-2026-evening-tournament-osp/,5686. Result 28.09.2026 – evening tournament OSP,15,15,6,2026-10-04 00:20:25.656630+00:00
5685,2026-09-28,evening,OSP,571437,https://www.tt-series.com/5685-result-28-09-2026-evening-tournament-osp2-wb/,5685. Result 28.09.2026 – evening tournament OSP2 (WB),15,15,6,2026-10-04 00:20:25.667379+00:00
5684,2026-09-28,afternoon,HSC,571435,https://www.tt-series.com/5684-result-28-09-2026-afternoon-tournament-hsc/,5684. Result 28.09.2026 – afternoon tournament HSC,15,15,6,2026-10-04 00:20:25.679443+00:00
5683,2026-09-28,afternoon,OSP,571433,https://www.tt-series.com/5683-result-28-09-2026-afternoon-tournament-osp/,5683. Result 28.09.2026 – afternoon tournament OSP,15,15,6,2026-10-04 00:20:25.689907+00:00
5682,2026-09-28,afternoon,HSC,571431,https://www.tt-series.com/5682-result-28-09-2026-afternoon-tournament-hsc2/,5682. Result 28.09.2026 – afternoon tournament HSC2,15,15,6,2026-10-04 00:20:25.700663+00:00
5681,2026-09-28,afternoon,OSP,571429,https://www.tt-series.com/5681-result-28-09-2026-afternoon-tournament-osp2-wb/,5681. Result 28.09.2026 – afternoon tournament OSP2 (WB),15,15,6,2026-10-04 00:20:25.711281+00:00
5680,2026-09-28,morning,HSC,571427,https://www.tt-series.com/5680-result-28-09-2026-morning-tournament-hsc/,5680. Result 28.09.2026 – morning tournament HSC,15,15,6,2026-10-04 00:20:25.721971+00:00
5679,2026-09-28,morning,OSP,571425,https://www.tt-series.com/5679-result-28-09-2026-morning-tournament-osp/,5679. Result 28.09.2026 – morning tournament OSP,15,15,6,2026-10-04 00:20:25.732664+00:00
5678,2026-09-28,morning,HSC,571423,https://www.tt-series.com/5678-result-28-09-2026-morning-tournament-hsc2/,5678. Result 28.09.2026 – morning tournament HSC2,15,15,6,2026-10-04 00:20:25.743484+00:00
5677,2026-09-28,morning,OSP,571421,https://www.tt-series.com/5677-result-28-09-2026-morning-tournament-osp2-wb/,5677. Result 28.09.2026 – morning tournament OSP2 (WB),15,15,6,2026-10-04 00:20:25.755477+00:00
5676,2026-09-28,night,BLACHOWNIA,571419,https://www.tt-series.com/5676-result-28-09-2026-night-tournament-blachownia/,5676. Result 28.09.2026 – night tournament Blachownia,15,15,6,2026-10-04 00:20:25.765973+00:00
5675,2026-09-28,evening,BLACHOWNIA,571417,https://www.tt-series.com/5675-result-28-09-2026-evening-tournament-blachownia/,5675. Result 28.09.2026 – evening tournament Blachownia,15,15,6,2026-10-04 00:20:25.776574+00:00
5674,2026-09-28,morning,BLACHOWNIA,571415,https://www.tt-series.com/5674-result-28-09-2026-morning-tournament-blachownia/,5674. Result 28.09.2026 – morning tournament Blachownia,15,15,6,2026-10-04 00:20:25.787236+00:00
5673,2026-09-28,evening,POCZESNA,571413,https://www.tt-series.com/5673-result-28-09-2026-evening-tournament-poczesna/,5673. Result 28.09.2026 – evening tournament Poczesna,15,15,6,2026-10-04 00:20:25.797766+00:00
5672,2026-09-28,afternoon,POCZESNA,571408,https://www.tt-series.com/5672-result-28-09-2026-afternoon-tournament-poczesna/,5672. Result 28.09.2026 – afternoon tournament Poczesna,15,15,6,2026-10-04 00:20:25.808501+00:00
5671,2026-09-28,morning,POCZESNA,571406,https://www.tt-series.com/5671-result-28-09-2026-morning-tournament-poczesna/,5671. Result 28.09.2026 – morning tournament Poczesna,15,15,6,2026-10-04 00:20:25.819374+00:00
5670,2026-09-27,night,POCZESNA,571404,https://www.tt-series.com/5670-result-27-09-2026-night-tournament-poczesna/,5670. Result 27.09.2026 – night tournament Poczesna,15,15,6,2026-10-04 00:20:25.831308+00:00
5669,2026-09-27,night,HSC,571162,https://www.tt-series.com/5669-result-27-09-2026-night-tournament-hsc/,5669. Result 27.09.2026 – night tournament HSC,10,10,5,2026-10-04 00:20:25.840301+00:00
5668,2026-09-27,night,OSP,570981,https://www.tt-series.com/5668-result-27-09-2026-night-tournament-osp/,5668. Result 27.09.2026 – night tournament OSP,15,15,6,2026-10-04 00:20:25.850882+00:00
5667,2026-09-27,night,OSP,570978,https://www.tt-series.com/5667-result-27-09-2026-night-tournament-osp2-wb/,5667. Result 27.09.2026 – night tournament OSP2 (WB),10,10,5,2026-10-04 00:20:25.859800+00:00
5666,2026-09-27,evening,HSC,570976,https://www.tt-series.com/5666-result-27-09-2026-evening-tournament-hsc/,5666. Result 27.09.2026 – evening tournament HSC,15,15,6,2026-10-04 00:20:25.870449+00:00
5665,2026-09-27,evening,OSP,570974,https://www.tt-series.com/5665-result-27-09-2026-evening-tournament-osp/,5665. Result 27.09.2026 – evening tournament OSP,15,15,6,2026-10-04 00:20:25.881114+00:00
5664,2026-09-27,evening,OSP,570972,https://www.tt-series.com/5664-result-27-09-2026-evening-tournament-osp2-wb/,5664. Result 27.09.2026 – evening tournament OSP2 (WB),15,15,6,2026-10-04 00:20:25.893131+00:00
5663,2026-09-27,afternoon,HSC,570970,https://www.tt-series.com/5663-result-27-09-2026-afternoon-tournament-hsc/,5663. Result 27.09.2026 – afternoon tournament HSC,15,15,6,2026-10-04 00:20:25.903851+00:00
5662,2026-09-27,afternoon,OSP,570968,https://www.tt-series.com/5662-result-27-09-2026-afternoon-tournament-osp/,5662. Result 27.09.2026 – afternoon tournament OSP,15,15,6,2026-10-04 00:20:25.914477+00:00
5661,2026-09-27,afternoon,HSC,570966,https://www.tt-series.com/5661-result-27-09-2026-afternoon-tournament-hsc2/,5661. Result 27.09.2026 – afternoon tournament HSC2,15,15,6,2026-10-04 00:20:25.925151+00:00
5660,2026-09-27,afternoon,OSP,570964,https://www.tt-series.com/5660-result-27-09-2026-afternoon-tournament-osp2-wb/,5660. Result 27.09.2026 – afternoon tournament OSP2 (WB),15,15,6,2026-10-04 00:20:25.935791+00:00
5659,2026-09-27,morning,HSC,570962,https://www.tt-series.com/5659-result-27-09-2026-morning-tournament-hsc/,5659. Result 27.09.2026 – morning tournament HSC,15,15,6,2026-10-04 00:20:25.946590+00:00
5658,2026-09-27,morning,OSP,570960,https://www.tt-series.com/5658-result-27-09-2026-morning-tournament-osp/,5658. Result 27.09.2026 – morning tournament OSP,15,15,6,2026-10-04 00:20:25.957177+00:00
5657,2026-09-27,morning,HSC,570958,https://www.tt-series.com/5657-result-27-09-2026-morning-tournament-hsc2/,5657. Result 27.09.2026 – morning tournament HSC2,15,15,6,2026-10-04 00:20:25.969337+00:00
5656,2026-09-27,morning,OSP,570956,https://www.tt-series.com/5656-result-27-09-2026-morning-tournament-osp2-wb/,5656. Result 27.09.2026 – morning tournament OSP2 (WB),15,15,6,2026-10-04 00:20:25.979847+00:00
5655,2026-09-27,night,BLACHOWNIA,570919,https://www.tt-series.com/5655-result-27-09-2026-night-tournament-blachownia/,5655. Result 27.09.2026 – night tournament Blachownia,15,15,6,2026-10-04 00:20:25.990389+00:00
5654,2026-09-27,evening,BLACHOWNIA,570907,https://www.tt-series.com/5654-result-27-09-2026-evening-tournament-blachownia/,5654. Result 27.09.2026 – evening tournament Blachownia,15,15,6,2026-10-04 00:20:26.000854+00:00
5653,2026-09-27,morning,BLACHOWNIA,570905,https://www.tt-series.com/5653-result-27-09-2026-morning-tournament-blachownia/,5653. Result 27.09.2026 – morning tournament Blachownia,15,15,6,2026-10-04 00:20:26.011374+00:00
5652,2026-09-27,evening,POCZESNA,570902,https://www.tt-series.com/5652-result-27-09-2026-evening-tournament-poczesna/,5652. Result 27.09.2026 – evening tournament Poczesna,15,15,6,2026-10-04 00:20:26.022215+00:00
5651,2026-09-27,afternoon,POCZESNA,570900,https://www.tt-series.com/5651-result-27-09-2026-afternoon-tournament-poczesna/,5651. Result 27.09.2026 – afternoon tournament Poczesna,15,15,6,2026-10-04 00:20:26.033015+00:00
5650,2026-09-27,morning,POCZESNA,570896,https://www.tt-series.com/5650-result-27-09-2026-morning-tournament-poczesna/,5650. Result 27.09.2026 – morning tournament Poczesna,15,15,6,2026-10-04 00:20:26.044748+00:00
5649,2026-09-26,night,POCZESNA,570894,https://www.tt-series.com/5649-result-26-09-2026-night-tournament-poczesna/,5649. Result 26.09.2026 – night tournament Poczesna,15,15,6,2026-10-04 00:20:26.055315+00:00
5648,2026-09-26,night,HSC,570663,https://www.tt-series.com/5648-result-26-09-2026-night-tournament-hsc/,5648. Result 26.09.2026 – night tournament HSC,10,10,5,2026-10-04 00:20:26.064366+00:00
5647,2026-09-26,night,OSP,570424,https://www.tt-series.com/5647-result-26-09-2026-night-tournament-osp/,5647. Result 26.09.2026 – night tournament OSP,15,15,6,2026-10-04 00:20:26.075175+00:00
5646,2026-09-26,night,OSP,570422,https://www.tt-series.com/5646-result-26-09-2026-night-tournament-osp2-wb/,5646. Result 26.09.2026 – night tournament OSP2 (WB),10,10,5,2026-10-04 00:20:26.084188+00:00
5645,2026-09-26,evening,HSC,570420,https://www.tt-series.com/5645-result-26-09-2026-evening-tournament-hsc/,5645. Result 26.09.2026 – evening tournament HSC,15,15,6,2026-10-04 00:20:26.094934+00:00
5644,2026-09-26,evening,OSP,570418,https://www.tt-series.com/5644-result-26-09-2026-evening-tournament-osp/,5644. Result 26.09.2026 – evening tournament OSP,15,15,6,2026-10-04 00:20:26.105664+00:00
5643,2026-09-26,evening,OSP,570415,https://www.tt-series.com/5643-result-26-09-2026-evening-tournament-osp2-wb/,5643. Result 26.09.2026 – evening tournament OSP2 (WB),15,15,6,2026-10-04 00:20:26.117645+00:00
5642,2026-09-26,afternoon,HSC,570413,https://www.tt-series.com/5642-result-26-09-2026-afternoon-tournament-hsc/,5642. Result 26.09.2026 – afternoon tournament HSC,15,15,6,2026-10-04 00:20:26.128290+00:00
5641,2026-09-26,afternoon,OSP,570411,https://www.tt-series.com/5641-result-26-09-2026-afternoon-tournament-osp/,5641. Result 26.09.2026 – afternoon tournament OSP,15,15,6,2026-10-04 00:20:26.139044+00:00
5640,2026-09-26,afternoon,HSC,570409,https://www.tt-series.com/5640-result-26-09-2026-afternoon-tournament-hsc2/,5640. Result 26.09.2026 – afternoon tournament HSC2,15,15,6,2026-10-04 00:20:26.149810+00:00
5639,2026-09-26,afternoon,OSP,570407,https://www.tt-series.com/5639-result-26-09-2026-afternoon-tournament-osp2-wb/,5639. Result 26.09.2026 – afternoon tournament OSP2 (WB),15,15,6,2026-10-04 00:20:26.160548+00:00
5638,2026-09-26,morning,HSC,570404,https://www.tt-series.com/5638-result-26-09-2026-morning-tournament-hsc/,5638. Result 26.09.2026 – morning tournament HSC,15,15,6,2026-10-04 00:20:26.171467+00:00
